SlideNumber,Module,SlideTitle,KeyPoints,ImagePrompt
1,Module 1,MODULE 1 - OVERVIEW OF NIGERIA'S E-INVOICING REFORM,Module introduction; Overview of Nigeria's e-invoicing reform,"Design a professional corporate presentation slide for a training course. Title: 'MODULE 1 - OVERVIEW OF NIGERIA'S E-INVOICING REFORM'. Main bullet points: Module introduction; Overview of Nigeria's e-invoicing reform. Use a clean white background, Nigerian green (#008751) and navy (#003366) as primary colors, modern sans serif fonts (Montserrat or Roboto), simple flat icons next to key points, 16:9 aspect ratio (1920x1080), minimal and uncluttered layout with plenty of white space. Professional business training aesthetic suitable for financial compliance presentation. Consistent with previous slides in the series."
2,Module 1,Introduction to NRS E-Invoicing Reform,"Nigeria is rolling out mandatory e-invoicing for VAT-registered businesses; Part of broader digital tax transformation by NRS; Focus on 'what' and 'why' of reform, not detailed IT configuration","Design a professional corporate presentation slide for a training course. Title: 'Introduction to NRS E-Invoicing Reform'. Main bullet points: Nigeria is rolling out mandatory e-invoicing for VAT-registered businesses; Part of broader digital tax transformation by NRS; Focus on 'what' and 'why' of reform, not detailed IT configuration. Use a clean white background, Nigerian green (#008751) and navy (#003366) as primary colors, modern sans serif fonts (Montserrat or Roboto), simple flat icons next to key points, 16:9 aspect ratio (1920x1080), minimal and uncluttered layout with plenty of white space. Professional business training aesthetic suitable for financial compliance presentation. Consistent with previous slides in the series."
3,Module 1,Nigeria's 2025 Tax Reform Acts – Big Picture,"2025 Tax Reform Acts include Nigeria Tax Act, Tax Administration Act, NRS Establishment Act; Acts modernise how taxes are assessed, collected, and enforced; E-invoicing is a key pillar of new digital tax framework","Design a professional corporate presentation slide for a training course. Title: 'Nigeria's 2025 Tax Reform Acts – Big Picture'. Main bullet points: 2025 Tax Reform Acts include Nigeria Tax Act, Tax Administration Act, NRS Establishment Act; Acts modernise how taxes are assessed, collected, and enforced; E-invoicing is a key pillar of new digital tax framework. Use a clean white background, Nigerian green (#008751) and navy (#003366) as primary colors, modern sans serif fonts (Montserrat or Roboto), simple flat icons next to key points, 16:9 aspect ratio (1920x1080), minimal and uncluttered layout with plenty of white space. Professional business training aesthetic suitable for financial compliance presentation. Consistent with previous slides in the series."
4,Module 1,Why E-Invoicing? Policy Objectives,"Increase VAT and tax revenue by seeing transactions in real or near-real time; Reduce under-reporting, fake invoices, and tax evasion; Improve auditability and reduce disputes using standardised validated data; Modernise Nigeria's business environment in line with global digital tax trends","Design a professional corporate presentation slide for a training course. Title: 'Why E-Invoicing? Policy Objectives'. Main bullet points: Increase VAT and tax revenue by seeing transactions in real or near-real time; Reduce under-reporting, fake invoices, and tax evasion; Improve auditability and reduce disputes using standardised validated data; Modernise Nigeria's business environment in line with global digital tax trends. Use a clean white background, Nigerian green (#008751) and navy (#003366) as primary colors, modern sans serif fonts (Montserrat or Roboto), simple flat icons next to key points, 16:9 aspect ratio (1920x1080), minimal and uncluttered layout with plenty of white space. Professional business training aesthetic suitable for financial compliance presentation. Consistent with previous slides in the series."
5,Module 1,Early Revenue Impact of Digital Reforms,"By mid-2025, Presidency reported ₦20.59 trillion in collections (Jan-Aug); Represented around 40%+ increase over same period in 2024; Digital reforms including e-invoicing credited for much of this growth; Strong revenue gains mean strong political will to sustain and enforce e-invoicing","Design a professional corporate presentation slide for a training course. Title: 'Early Revenue Impact of Digital Reforms'. Main bullet points: By mid-2025, Presidency reported ₦20.59 trillion in collections (Jan-Aug); Represented around 40%+ increase over same period in 2024; Digital reforms including e-invoicing credited for much of this growth; Strong revenue gains mean strong political will to sustain and enforce e-invoicing. Use a clean white background, Nigerian green (#008751) and navy (#003366) as primary colors, modern sans serif fonts (Montserrat or Roboto), simple flat icons next to key points, 16:9 aspect ratio (1920x1080), minimal and uncluttered layout with plenty of white space. Professional business training aesthetic suitable for financial compliance presentation. Consistent with previous slides in the series."
6,Module 1,What This Means for Your Business,"If VAT-registered, e-invoicing will affect how you issue and receive invoices; Validated e-invoices will become critical for VAT claims and tax compliance; Businesses that prepare early will face fewer disruptions when enforcement tightens; This course helps you understand basics so you can plan ahead","Design a professional corporate presentation slide for a training course. Title: 'What This Means for Your Business'. Main bullet points: If VAT-registered, e-invoicing will affect how you issue and receive invoices; Validated e-invoices will become critical for VAT claims and tax compliance; Businesses that prepare early will face fewer disruptions when enforcement tightens; This course helps you understand basics so you can plan ahead. Use a clean white background, Nigerian green (#008751) and navy (#003366) as primary colors, modern sans serif fonts (Montserrat or Roboto), simple flat icons next to key points, 16:9 aspect ratio (1920x1080), minimal and uncluttered layout with plenty of white space. Professional business training aesthetic suitable for financial compliance presentation. Consistent with previous slides in the series."
7,Module 1,Traditional vs NRS-Compliant E-Invoices,"Traditional invoice: Paper, Excel, or PDF document shared by email, print-out, or hand delivery; NRS-compliant e-invoice: Structured electronic document (XML/JSON) issued through NRS-approved fiscal system/APP; Includes mandatory fields and unique validation reference","Design a professional corporate presentation slide for a training course. Title: 'Traditional vs NRS-Compliant E-Invoices'. Main bullet points: Traditional invoice: Paper, Excel, or PDF document shared by email, print-out, or hand delivery; NRS-compliant e-invoice: Structured electronic document (XML/JSON) issued through NRS-approved fiscal system/APP; Includes mandatory fields and unique validation reference. Use a clean white background, Nigerian green (#008751) and navy (#003366) as primary colors, modern sans serif fonts (Montserrat or Roboto), simple flat icons next to key points, 16:9 aspect ratio (1920x1080), minimal and uncluttered layout with plenty of white space. Professional business training aesthetic suitable for financial compliance presentation. Consistent with previous slides in the series."
8,Module 1,Who Are Access Point Providers (APPs)?,"APPs are licensed intermediaries between your systems and NRS e-invoicing platform; They receive invoice data from your ERP/accounting software, validate data and format; Forward to NRS and obtain IRN and QR/cryptographic stamp; Send validated invoice details back to you","Design a professional corporate presentation slide for a training course. Title: 'Who Are Access Point Providers (APPs)?'. Main bullet points: APPs are licensed intermediaries between your systems and NRS e-invoicing platform; They receive invoice data from your ERP/accounting software, validate data and format; Forward to NRS and obtain IRN and QR/cryptographic stamp; Send validated invoice details back to you. Use a clean white background, Nigerian green (#008751) and navy (#003366) as primary colors, modern sans serif fonts (Montserrat or Roboto), simple flat icons next to key points, 16:9 aspect ratio (1920x1080), minimal and uncluttered layout with plenty of white space. Professional business training aesthetic suitable for financial compliance presentation. Consistent with previous slides in the series."
9,Module 1,What Makes an Invoice 'Valid' in the New System?,"Valid e-invoice includes: Supplier details (name, TIN, address); Customer details (name, TIN, address); Description of goods/services, quantities, unit prices; VAT amount and total amount; Date and time of issuance; IRN and QR/cryptographic stamp issued via NRS system","Design a professional corporate presentation slide for a training course. Title: 'What Makes an Invoice 'Valid' in the New System?'. Main bullet points: Valid e-invoice includes: Supplier details (name, TIN, address); Customer details (name, TIN, address); Description of goods/services, quantities, unit prices; VAT amount and total amount; Date and time of issuance; IRN and QR/cryptographic stamp issued via NRS system. Use a clean white background, Nigerian green (#008751) and navy (#003366) as primary colors, modern sans serif fonts (Montserrat or Roboto), simple flat icons next to key points, 16:9 aspect ratio (1920x1080), minimal and uncluttered layout with plenty of white space. Professional business training aesthetic suitable for financial compliance presentation. Consistent with previous slides in the series."
10,Module 2,MODULE 2 - WHO MUST COMPLY AND WHEN,Module introduction; Which businesses are covered; How taxpayer size and turnover affect rollout timing,"Design a professional corporate presentation slide for a training course. Title: 'MODULE 2 - WHO MUST COMPLY AND WHEN'. Main bullet points: Module introduction; Which businesses are covered; How taxpayer size and turnover affect rollout timing. Use a clean white background, Nigerian green (#008751) and navy (#003366) as primary colors, modern sans serif fonts (Montserrat or Roboto), simple flat icons next to key points, 16:9 aspect ratio (1920x1080), minimal and uncluttered layout with plenty of white space. Professional business training aesthetic suitable for financial compliance presentation. Consistent with previous slides in the series."
11,Module 2,WHO MUST COMPLY AND WHEN,Which businesses are covered by NRS e-invoicing mandate; How taxpayer size and turnover affect rollout timing; What this means for your organisation,"Design a professional corporate presentation slide for a training course. Title: 'WHO MUST COMPLY AND WHEN'. Main bullet points: Which businesses are covered by NRS e-invoicing mandate; How taxpayer size and turnover affect rollout timing; What this means for your organisation. Use a clean white background, Nigerian green (#008751) and navy (#003366) as primary colors, modern sans serif fonts (Montserrat or Roboto), simple flat icons next to key points, 16:9 aspect ratio (1920x1080), minimal and uncluttered layout with plenty of white space. Professional business training aesthetic suitable for financial compliance presentation. Consistent with previous slides in the series."
12,Module 2,Scope: VAT-Registered Businesses,"E-invoicing applies to all VAT-registered entities in Nigeria; If required to charge VAT on supplies, expected to issue e-invoices; Company form less important than VAT registration status","Design a professional corporate presentation slide for a training course. Title: 'Scope: VAT-Registered Businesses'. Main bullet points: E-invoicing applies to all VAT-registered entities in Nigeria; If required to charge VAT on supplies, expected to issue e-invoices; Company form less important than VAT registration status. Use a clean white background, Nigerian green (#008751) and navy (#003366) as primary colors, modern sans serif fonts (Montserrat or Roboto), simple flat icons next to key points, 16:9 aspect ratio (1920x1080), minimal and uncluttered layout with plenty of white space. Professional business training aesthetic suitable for financial compliance presentation. Consistent with previous slides in the series."
13,Module 2,Who Should Register for VAT in Nigeria?,"VAT registration required for taxable persons carrying on economic activity in Nigeria; Includes individuals, companies, partnerships, NGOs, public bodies supplying taxable goods/services; Businesses with annual turnover of ₦25 million or more generally required to register for VAT","Design a professional corporate presentation slide for a training course. Title: 'Who Should Register for VAT in Nigeria?'. Main bullet points: VAT registration required for taxable persons carrying on economic activity in Nigeria; Includes individuals, companies, partnerships, NGOs, public bodies supplying taxable goods/services; Businesses with annual turnover of ₦25 million or more generally required to register for VAT. Use a clean white background, Nigerian green (#008751) and navy (#003366) as primary colors, modern sans serif fonts (Montserrat or Roboto), simple flat icons next to key points, 16:9 aspect ratio (1920x1080), minimal and uncluttered layout with plenty of white space. Professional business training aesthetic suitable for financial compliance presentation. Consistent with previous slides in the series."
14,Module 2,Why Some Organisations Are Not VAT-Registered,"Below threshold: Very small businesses with turnover below ₦25m; Only exempt/zero-rated supplies: Entities dealing in VAT-exempt or zero-rated goods/services; Non-registration (risk): Some businesses haven't registered – this is non-compliance, not legal exemption","Design a professional corporate presentation slide for a training course. Title: 'Why Some Organisations Are Not VAT-Registered'. Main bullet points: Below threshold: Very small businesses with turnover below ₦25m; Only exempt/zero-rated supplies: Entities dealing in VAT-exempt or zero-rated goods/services; Non-registration (risk): Some businesses haven't registered – this is non-compliance, not legal exemption. Use a clean white background, Nigerian green (#008751) and navy (#003366) as primary colors, modern sans serif fonts (Montserrat or Roboto), simple flat icons next to key points, 16:9 aspect ratio (1920x1080), minimal and uncluttered layout with plenty of white space. Professional business training aesthetic suitable for financial compliance presentation. Consistent with previous slides in the series."
15,Module 2,Not Just Big Corporates,"Professional services (law, consulting, engineering, IT, accounting); Trading and distribution (importers, wholesalers, FMCG distributors); Retail and fuel stations (supermarkets, chain stores, petrol stations); Manufacturing and industrial businesses; Healthcare, logistics, and many others","Design a professional corporate presentation slide for a training course. Title: 'Not Just Big Corporates'. Main bullet points: Professional services (law, consulting, engineering, IT, accounting); Trading and distribution (importers, wholesalers, FMCG distributors); Retail and fuel stations (supermarkets, chain stores, petrol stations); Manufacturing and industrial businesses; Healthcare, logistics, and many others. Use a clean white background, Nigerian green (#008751) and navy (#003366) as primary colors, modern sans serif fonts (Montserrat or Roboto), simple flat icons next to key points, 16:9 aspect ratio (1920x1080), minimal and uncluttered layout with plenty of white space. Professional business training aesthetic suitable for financial compliance presentation. Consistent with previous slides in the series."
16,Module 2,"Groups, Branches, and Complex Structures",Many groups have multiple legal entities with different turnover levels; Each entity's VAT number and turnover determine its category; Branches under one VAT registration must follow consistent e-invoicing rules; Central policies needed even when operations are decentralised,"Design a professional corporate presentation slide for a training course. Title: 'Groups, Branches, and Complex Structures'. Main bullet points: Many groups have multiple legal entities with different turnover levels; Each entity's VAT number and turnover determine its category; Branches under one VAT registration must follow consistent e-invoicing rules; Central policies needed even when operations are decentralised. Use a clean white background, Nigerian green (#008751) and navy (#003366) as primary colors, modern sans serif fonts (Montserrat or Roboto), simple flat icons next to key points, 16:9 aspect ratio (1920x1080), minimal and uncluttered layout with plenty of white space. Professional business training aesthetic suitable for financial compliance presentation. Consistent with previous slides in the series."
17,Module 2,Taxpayer Categories: Concept,"NRS phases rollout based on taxpayer size (turnover); Categories: Large taxpayers (highest turnover), Medium taxpayers (mid-range), Emerging/smaller taxpayers (lower turnover but VAT-registered); Larger taxpayers brought in first, smaller ones follow later","Design a professional corporate presentation slide for a training course. Title: 'Taxpayer Categories: Concept'. Main bullet points: NRS phases rollout based on taxpayer size (turnover); Categories: Large taxpayers (highest turnover), Medium taxpayers (mid-range), Emerging/smaller taxpayers (lower turnover but VAT-registered); Larger taxpayers brought in first, smaller ones follow later. Use a clean white background, Nigerian green (#008751) and navy (#003366) as primary colors, modern sans serif fonts (Montserrat or Roboto), simple flat icons next to key points, 16:9 aspect ratio (1920x1080), minimal and uncluttered layout with plenty of white space. Professional business training aesthetic suitable for financial compliance presentation. Consistent with previous slides in the series."
18,Module 2,Large Taxpayers – Practical Profile,"Annual turnover typically well above ₦5bn; Usually have enterprise ERPs (SAP, Oracle, Dynamics); In-house IT and tax teams; Experience with other digital compliance systems; Already mandated for e-invoicing and under active enforcement","Design a professional corporate presentation slide for a training course. Title: 'Large Taxpayers – Practical Profile'. Main bullet points: Annual turnover typically well above ₦5bn; Usually have enterprise ERPs (SAP, Oracle, Dynamics); In-house IT and tax teams; Experience with other digital compliance systems; Already mandated for e-invoicing and under active enforcement. Use a clean white background, Nigerian green (#008751) and navy (#003366) as primary colors, modern sans serif fonts (Montserrat or Roboto), simple flat icons next to key points, 16:9 aspect ratio (1920x1080), minimal and uncluttered layout with plenty of white space. Professional business training aesthetic suitable for financial compliance presentation. Consistent with previous slides in the series."
19,Module 2,Medium Taxpayers – Where Many Businesses Sit,"Annual turnover roughly ₦1bn–₦5bn band; Often use mid-tier systems: Sage, QuickBooks, local ERPs, or mix with Excel; Limited internal IT resources; Fragmented invoicing across branches; Heavy reliance on external accountants for VAT returns","Design a professional corporate presentation slide for a training course. Title: 'Medium Taxpayers – Where Many Businesses Sit'. Main bullet points: Annual turnover roughly ₦1bn–₦5bn band; Often use mid-tier systems: Sage, QuickBooks, local ERPs, or mix with Excel; Limited internal IT resources; Fragmented invoicing across branches; Heavy reliance on external accountants for VAT returns. Use a clean white background, Nigerian green (#008751) and navy (#003366) as primary colors, modern sans serif fonts (Montserrat or Roboto), simple flat icons next to key points, 16:9 aspect ratio (1920x1080), minimal and uncluttered layout with plenty of white space. Professional business training aesthetic suitable for financial compliance presentation. Consistent with previous slides in the series."
20,Module 2,Emerging / Smaller Taxpayers – Typical Profile,"Turnover below medium band but VAT-registered; Often rely on Excel or Word invoice templates; Basic accounting tools without tax automation; Key challenges: Incomplete customer and product data, Highly manual inconsistent invoicing processes","Design a professional corporate presentation slide for a training course. Title: 'Emerging / Smaller Taxpayers – Typical Profile'. Main bullet points: Turnover below medium band but VAT-registered; Often rely on Excel or Word invoice templates; Basic accounting tools without tax automation; Key challenges: Incomplete customer and product data, Highly manual inconsistent invoicing processes. Use a clean white background, Nigerian green (#008751) and navy (#003366) as primary colors, modern sans serif fonts (Montserrat or Roboto), simple flat icons next to key points, 16:9 aspect ratio (1920x1080), minimal and uncluttered layout with plenty of white space. Professional business training aesthetic suitable for financial compliance presentation. Consistent with previous slides in the series."
21,Module 2,Borderline Cases Around Thresholds,"Some businesses hover around thresholds (e.g., moving from ₦900m to ₦1.2bn); Growth or inflation can push into higher band between years; Best practice: Monitor rolling 12-month turnover, Plan for higher category if expecting to cross soon","Design a professional corporate presentation slide for a training course. Title: 'Borderline Cases Around Thresholds'. Main bullet points: Some businesses hover around thresholds (e.g., moving from ₦900m to ₦1.2bn); Growth or inflation can push into higher band between years; Best practice: Monitor rolling 12-month turnover, Plan for higher category if expecting to cross soon. Use a clean white background, Nigerian green (#008751) and navy (#003366) as primary colors, modern sans serif fonts (Montserrat or Roboto), simple flat icons next to key points, 16:9 aspect ratio (1920x1080), minimal and uncluttered layout with plenty of white space. Professional business training aesthetic suitable for financial compliance presentation. Consistent with previous slides in the series."
22,Module 2,High-Level Timeline by Category,"Large taxpayers: Brought into e-invoicing from 2025, enforcement active; Medium taxpayers: Targeted for go-live around 2026, enforcement to follow; Emerging/smaller taxpayers: Phased in across 2027–2028; Always confirm precise dates with latest NRS circulars","Design a professional corporate presentation slide for a training course. Title: 'High-Level Timeline by Category'. Main bullet points: Large taxpayers: Brought into e-invoicing from 2025, enforcement active; Medium taxpayers: Targeted for go-live around 2026, enforcement to follow; Emerging/smaller taxpayers: Phased in across 2027–2028; Always confirm precise dates with latest NRS circulars. Use a clean white background, Nigerian green (#008751) and navy (#003366) as primary colors, modern sans serif fonts (Montserrat or Roboto), simple flat icons next to key points, 16:9 aspect ratio (1920x1080), minimal and uncluttered layout with plenty of white space. Professional business training aesthetic suitable for financial compliance presentation. Consistent with previous slides in the series."
23,Module 2,Planning Timeline: What Each Category Should Do,"Large taxpayers: Should already be implementing or live, focus on stabilisation and error reduction; Medium taxpayers: This year critical for readiness assessments, vendor/APP selection, piloting, go-live; Emerging/smaller taxpayers: Use next 6–12 months to standardise invoicing, clean data, choose simple compliant tools","Design a professional corporate presentation slide for a training course. Title: 'Planning Timeline: What Each Category Should Do'. Main bullet points: Large taxpayers: Should already be implementing or live, focus on stabilisation and error reduction; Medium taxpayers: This year critical for readiness assessments, vendor/APP selection, piloting, go-live; Emerging/smaller taxpayers: Use next 6–12 months to standardise invoicing, clean data, choose simple compliant tools. Use a clean white background, Nigerian green (#008751) and navy (#003366) as primary colors, modern sans serif fonts (Montserrat or Roboto), simple flat icons next to key points, 16:9 aspect ratio (1920x1080), minimal and uncluttered layout with plenty of white space. Professional business training aesthetic suitable for financial compliance presentation. Consistent with previous slides in the series."
24,Module 2,Worked Examples: Categorising Businesses,"Business A: Lagos FMCG distributor, turnover ≈ ₦2.5bn → likely medium taxpayer; Business B: Small professional firm, turnover ≈ ₦400m → likely emerging/smaller taxpayer; Business C: Oil marketing company, turnover ≈ ₦10bn → likely large taxpayer","Design a professional corporate presentation slide for a training course. Title: 'Worked Examples: Categorising Businesses'. Main bullet points: Business A: Lagos FMCG distributor, turnover ≈ ₦2.5bn → likely medium taxpayer; Business B: Small professional firm, turnover ≈ ₦400m → likely emerging/smaller taxpayer; Business C: Oil marketing company, turnover ≈ ₦10bn → likely large taxpayer. Use a clean white background, Nigerian green (#008751) and navy (#003366) as primary colors, modern sans serif fonts (Montserrat or Roboto), simple flat icons next to key points, 16:9 aspect ratio (1920x1080), minimal and uncluttered layout with plenty of white space. Professional business training aesthetic suitable for financial compliance presentation. Consistent with previous slides in the series."
25,Module 2,Mini-Exercise: Your Category Profile,Take 5 minutes to note: Last year's approximate turnover; Expected turnover this year; Estimated taxpayer category; Main invoicing tools used today; Who currently owns VAT and invoicing in your organisation,"Design a professional corporate presentation slide for a training course. Title: 'Mini-Exercise: Your Category Profile'. Main bullet points: Take 5 minutes to note: Last year's approximate turnover; Expected turnover this year; Estimated taxpayer category; Main invoicing tools used today; Who currently owns VAT and invoicing in your organisation. Use a clean white background, Nigerian green (#008751) and navy (#003366) as primary colors, modern sans serif fonts (Montserrat or Roboto), simple flat icons next to key points, 16:9 aspect ratio (1920x1080), minimal and uncluttered layout with plenty of white space. Professional business training aesthetic suitable for financial compliance presentation. Consistent with previous slides in the series."
26,Module 2,What This Means for You,"If large: Treat e-invoicing as urgent and ongoing, focus on optimisation; If medium: 2026 is critical preparation window, should already be planning; If emerging/smaller: More time, but delaying increases risk and cost; In all cases: Start mapping processes and cleaning data now, don't wait for enforcement letters","Design a professional corporate presentation slide for a training course. Title: 'What This Means for You'. Main bullet points: If large: Treat e-invoicing as urgent and ongoing, focus on optimisation; If medium: 2026 is critical preparation window, should already be planning; If emerging/smaller: More time, but delaying increases risk and cost; In all cases: Start mapping processes and cleaning data now, don't wait for enforcement letters. Use a clean white background, Nigerian green (#008751) and navy (#003366) as primary colors, modern sans serif fonts (Montserrat or Roboto), simple flat icons next to key points, 16:9 aspect ratio (1920x1080), minimal and uncluttered layout with plenty of white space. Professional business training aesthetic suitable for financial compliance presentation. Consistent with previous slides in the series."
27,Module 3,MODULE 3 - THE E-INVOICING PROCESS: HOW IT WORKS,Module introduction; End-to-end e-invoicing workflow overview,"Design a professional corporate presentation slide for a training course. Title: 'MODULE 3 - THE E-INVOICING PROCESS: HOW IT WORKS'. Main bullet points: Module introduction; End-to-end e-invoicing workflow overview. Use a clean white background, Nigerian green (#008751) and navy (#003366) as primary colors, modern sans serif fonts (Montserrat or Roboto), simple flat icons next to key points, 16:9 aspect ratio (1920x1080), minimal and uncluttered layout with plenty of white space. Professional business training aesthetic suitable for financial compliance presentation. Consistent with previous slides in the series."
28,Module 3,THE E-INVOICING PROCESS: HOW IT WORKS,"Understand end-to-end e-invoicing workflow for different transaction types; Learn technical steps: submission, validation, clearance, retrieval; See how businesses, APPs, and NRS interact; Explore practical examples across B2B, B2G, B2C scenarios","Design a professional corporate presentation slide for a training course. Title: 'THE E-INVOICING PROCESS: HOW IT WORKS'. Main bullet points: Understand end-to-end e-invoicing workflow for different transaction types; Learn technical steps: submission, validation, clearance, retrieval; See how businesses, APPs, and NRS interact; Explore practical examples across B2B, B2G, B2C scenarios. Use a clean white background, Nigerian green (#008751) and navy (#003366) as primary colors, modern sans serif fonts (Montserrat or Roboto), simple flat icons next to key points, 16:9 aspect ratio (1920x1080), minimal and uncluttered layout with plenty of white space. Professional business training aesthetic suitable for financial compliance presentation. Consistent with previous slides in the series."
29,Module 3,The Big Picture: What Changes with E-Invoicing?,"Traditional: Create invoice → Send to customer → Report later; E-invoicing: Create structured invoice → Submit to NRS before sending → Receive validation → Then issue to customer; Key shift: Pre-clearance and real-time reporting replace post-transaction reporting; Tax authority sees every invoice as issued, not months later","Design a professional corporate presentation slide for a training course. Title: 'The Big Picture: What Changes with E-Invoicing?'. Main bullet points: Traditional: Create invoice → Send to customer → Report later; E-invoicing: Create structured invoice → Submit to NRS before sending → Receive validation → Then issue to customer; Key shift: Pre-clearance and real-time reporting replace post-transaction reporting; Tax authority sees every invoice as issued, not months later. Use a clean white background, Nigerian green (#008751) and navy (#003366) as primary colors, modern sans serif fonts (Montserrat or Roboto), simple flat icons next to key points, 16:9 aspect ratio (1920x1080), minimal and uncluttered layout with plenty of white space. Professional business training aesthetic suitable for financial compliance presentation. Consistent with previous slides in the series."
30,Module 3,"Three Transaction Types, Three Process Flows","B2B (Business-to-Business): Invoice from your company to another VAT-registered business; B2G (Business-to-Government): Invoice to government agency or parastatal; B2C (Business-to-Consumer): Receipt to individual consumer for transactions above ₦50,000; Each type has different timing, format, and reporting requirements","Design a professional corporate presentation slide for a training course. Title: 'Three Transaction Types, Three Process Flows'. Main bullet points: B2B (Business-to-Business): Invoice from your company to another VAT-registered business; B2G (Business-to-Government): Invoice to government agency or parastatal; B2C (Business-to-Consumer): Receipt to individual consumer for transactions above ₦50,000; Each type has different timing, format, and reporting requirements. Use a clean white background, Nigerian green (#008751) and navy (#003366) as primary colors, modern sans serif fonts (Montserrat or Roboto), simple flat icons next to key points, 16:9 aspect ratio (1920x1080), minimal and uncluttered layout with plenty of white space. Professional business training aesthetic suitable for financial compliance presentation. Consistent with previous slides in the series."
31,Module 3,B2B Process Flow: Step-by-Step (Overview),"Create structured invoice in your system; Submit to APP or NRS platform; Validate: NRS checks format, fields, TIN, VAT; Receive approval: NRS issues IRN, cryptographic stamp, QR code; Issue to customer: Only after receiving IRN; Customer claims VAT credit using your IRN","Design a professional corporate presentation slide for a training course. Title: 'B2B Process Flow: Step-by-Step (Overview)'. Main bullet points: Create structured invoice in your system; Submit to APP or NRS platform; Validate: NRS checks format, fields, TIN, VAT; Receive approval: NRS issues IRN, cryptographic stamp, QR code; Issue to customer: Only after receiving IRN; Customer claims VAT credit using your IRN. Use a clean white background, Nigerian green (#008751) and navy (#003366) as primary colors, modern sans serif fonts (Montserrat or Roboto), simple flat icons next to key points, 16:9 aspect ratio (1920x1080), minimal and uncluttered layout with plenty of white space. Professional business training aesthetic suitable for financial compliance presentation. Consistent with previous slides in the series."
32,Module 3,B2B Process Flow: Technical Detail (Submission and Validation),"Submission method: API integration (automated) or web portal (manual); Data format: XML or JSON, following UBL or PEPPOL standards; Mandatory fields: Seller TIN, Buyer TIN, invoice date, description, amounts, VAT rate, etc.; Validation checks: TIN validity, field completeness, VAT calculation accuracy; Response time: Typically seconds to few minutes if data correct","Design a professional corporate presentation slide for a training course. Title: 'B2B Process Flow: Technical Detail (Submission and Validation)'. Main bullet points: Submission method: API integration (automated) or web portal (manual); Data format: XML or JSON, following UBL or PEPPOL standards; Mandatory fields: Seller TIN, Buyer TIN, invoice date, description, amounts, VAT rate, etc.; Validation checks: TIN validity, field completeness, VAT calculation accuracy; Response time: Typically seconds to few minutes if data correct. Use a clean white background, Nigerian green (#008751) and navy (#003366) as primary colors, modern sans serif fonts (Montserrat or Roboto), simple flat icons next to key points, 16:9 aspect ratio (1920x1080), minimal and uncluttered layout with plenty of white space. Professional business training aesthetic suitable for financial compliance presentation. Consistent with previous slides in the series."
33,Module 3,"B2B Process Flow: IRN, Cryptographic Stamp, and QR Code",IRN: Unique identifier assigned by NRS for each validated invoice; Cryptographic Stamp: Digital signature proving NRS validation (prevents forgery); QR Code: Machine-readable code containing invoice summary and IRN; Legal requirement: All three must appear on final invoice document; Verification: Customers/auditors can scan QR or check IRN on NRS portal,"Design a professional corporate presentation slide for a training course. Title: 'B2B Process Flow: IRN, Cryptographic Stamp, and QR Code'. Main bullet points: IRN: Unique identifier assigned by NRS for each validated invoice; Cryptographic Stamp: Digital signature proving NRS validation (prevents forgery); QR Code: Machine-readable code containing invoice summary and IRN; Legal requirement: All three must appear on final invoice document; Verification: Customers/auditors can scan QR or check IRN on NRS portal. Use a clean white background, Nigerian green (#008751) and navy (#003366) as primary colors, modern sans serif fonts (Montserrat or Roboto), simple flat icons next to key points, 16:9 aspect ratio (1920x1080), minimal and uncluttered layout with plenty of white space. Professional business training aesthetic suitable for financial compliance presentation. Consistent with previous slides in the series."
34,Module 3,B2B Worked Example: Professional Services Firm,"Scenario: Lagos consulting firm invoices corporate client ₦5 million (VAT ₦375,000 @ 7.5%); Steps: Prepare invoice → Send to NRS → NRS validates and issues IRN within 30 seconds → System retrieves IRN, stamp, QR → Generate final PDF → Email to client → Client claims ₦375,000 input VAT credit","Design a professional corporate presentation slide for a training course. Title: 'B2B Worked Example: Professional Services Firm'. Main bullet points: Scenario: Lagos consulting firm invoices corporate client ₦5 million (VAT ₦375,000 @ 7.5%); Steps: Prepare invoice → Send to NRS → NRS validates and issues IRN within 30 seconds → System retrieves IRN, stamp, QR → Generate final PDF → Email to client → Client claims ₦375,000 input VAT credit. Use a clean white background, Nigerian green (#008751) and navy (#003366) as primary colors, modern sans serif fonts (Montserrat or Roboto), simple flat icons next to key points, 16:9 aspect ratio (1920x1080), minimal and uncluttered layout with plenty of white space. Professional business training aesthetic suitable for financial compliance presentation. Consistent with previous slides in the series."
35,Module 3,B2G Process Flow: Business-to-Government,"B2G follows same technical process as B2B (pre-clearance, IRN, QR); Key difference: Government buyers highly sensitive to compliance; May reject non-compliant invoices immediately or delay payment indefinitely; Government systems may integrate directly with NRS to auto-verify IRNs; Best practice: Extra care with B2G invoices, double-check all fields","Design a professional corporate presentation slide for a training course. Title: 'B2G Process Flow: Business-to-Government'. Main bullet points: B2G follows same technical process as B2B (pre-clearance, IRN, QR); Key difference: Government buyers highly sensitive to compliance; May reject non-compliant invoices immediately or delay payment indefinitely; Government systems may integrate directly with NRS to auto-verify IRNs; Best practice: Extra care with B2G invoices, double-check all fields. Use a clean white background, Nigerian green (#008751) and navy (#003366) as primary colors, modern sans serif fonts (Montserrat or Roboto), simple flat icons next to key points, 16:9 aspect ratio (1920x1080), minimal and uncluttered layout with plenty of white space. Professional business training aesthetic suitable for financial compliance presentation. Consistent with previous slides in the series."
36,Module 3,B2C Process Flow: Business-to-Consumer (High-Value Transactions),"Applies to: Individual consumer transactions above ₦50,000; Different workflow: Issue receipt immediately to customer at point of sale; Mandatory reporting: Report transaction to NRS within 24 hours; CSID and QR code: NRS issues for record-keeping and audit; No customer action required: Individual consumer doesn't claim VAT credit","Design a professional corporate presentation slide for a training course. Title: 'B2C Process Flow: Business-to-Consumer (High-Value Transactions)'. Main bullet points: Applies to: Individual consumer transactions above ₦50,000; Different workflow: Issue receipt immediately to customer at point of sale; Mandatory reporting: Report transaction to NRS within 24 hours; CSID and QR code: NRS issues for record-keeping and audit; No customer action required: Individual consumer doesn't claim VAT credit. Use a clean white background, Nigerian green (#008751) and navy (#003366) as primary colors, modern sans serif fonts (Montserrat or Roboto), simple flat icons next to key points, 16:9 aspect ratio (1920x1080), minimal and uncluttered layout with plenty of white space. Professional business training aesthetic suitable for financial compliance presentation. Consistent with previous slides in the series."
37,Module 3,B2C Worked Example: Fuel Station,"Scenario: Fuel station sells ₦85,000 diesel to individual driver; Steps: Process sale through POS, print receipt immediately → End of day, POS sends transaction to APP/NRS → NRS validates and issues CSID and QR → Station records CSID for audit → Customer already has receipt and left","Design a professional corporate presentation slide for a training course. Title: 'B2C Worked Example: Fuel Station'. Main bullet points: Scenario: Fuel station sells ₦85,000 diesel to individual driver; Steps: Process sale through POS, print receipt immediately → End of day, POS sends transaction to APP/NRS → NRS validates and issues CSID and QR → Station records CSID for audit → Customer already has receipt and left. Use a clean white background, Nigerian green (#008751) and navy (#003366) as primary colors, modern sans serif fonts (Montserrat or Roboto), simple flat icons next to key points, 16:9 aspect ratio (1920x1080), minimal and uncluttered layout with plenty of white space. Professional business training aesthetic suitable for financial compliance presentation. Consistent with previous slides in the series."
38,Module 3,Technology Architecture: The Three Layers,"Layer 1: Your Business Systems (ERP, accounting software, POS, invoicing tools); Layer 2: Access Point Provider – APP (licensed intermediary connecting to NRS); Layer 3: NRS E-Invoicing Platform (validates invoices, issues IRNs/CSIDs, stores records); Data flow: Layer 1 → Layer 2 → Layer 3 → Layer 2 → Layer 1 (round trip)","Design a professional corporate presentation slide for a training course. Title: 'Technology Architecture: The Three Layers'. Main bullet points: Layer 1: Your Business Systems (ERP, accounting software, POS, invoicing tools); Layer 2: Access Point Provider – APP (licensed intermediary connecting to NRS); Layer 3: NRS E-Invoicing Platform (validates invoices, issues IRNs/CSIDs, stores records); Data flow: Layer 1 → Layer 2 → Layer 3 → Layer 2 → Layer 1 (round trip). Use a clean white background, Nigerian green (#008751) and navy (#003366) as primary colors, modern sans serif fonts (Montserrat or Roboto), simple flat icons next to key points, 16:9 aspect ratio (1920x1080), minimal and uncluttered layout with plenty of white space. Professional business training aesthetic suitable for financial compliance presentation. Consistent with previous slides in the series."
39,Module 3,Access Point Providers (APPs): What They Do,"Connectivity: Secure API connections between your systems and NRS; Format conversion: Convert invoice data into XML/JSON formats; Validation assistance: Pre-check data quality before submitting; IRN/CSID retrieval: Fetch validation results back to your system; Reporting and dashboards: Monitor submission status, errors, reconciliations; Support: Troubleshoot technical issues, guide configuration","Design a professional corporate presentation slide for a training course. Title: 'Access Point Providers (APPs): What They Do'. Main bullet points: Connectivity: Secure API connections between your systems and NRS; Format conversion: Convert invoice data into XML/JSON formats; Validation assistance: Pre-check data quality before submitting; IRN/CSID retrieval: Fetch validation results back to your system; Reporting and dashboards: Monitor submission status, errors, reconciliations; Support: Troubleshoot technical issues, guide configuration. Use a clean white background, Nigerian green (#008751) and navy (#003366) as primary colors, modern sans serif fonts (Montserrat or Roboto), simple flat icons next to key points, 16:9 aspect ratio (1920x1080), minimal and uncluttered layout with plenty of white space. Professional business training aesthetic suitable for financial compliance presentation. Consistent with previous slides in the series."
40,Module 3,Integration Options: API vs. Portal,"API Integration (Automated): ERP connects directly to APP via API, invoices submitted automatically, IRNs retrieved without manual steps; Best for high invoice volumes, businesses with IT resources; Web Portal (Manual/Semi-Manual): Log into APP portal, enter or upload invoice details, download IRN and attach; Best for low volumes, small businesses, temporary solution","Design a professional corporate presentation slide for a training course. Title: 'Integration Options: API vs. Portal'. Main bullet points: API Integration (Automated): ERP connects directly to APP via API, invoices submitted automatically, IRNs retrieved without manual steps; Best for high invoice volumes, businesses with IT resources; Web Portal (Manual/Semi-Manual): Log into APP portal, enter or upload invoice details, download IRN and attach; Best for low volumes, small businesses, temporary solution. Use a clean white background, Nigerian green (#008751) and navy (#003366) as primary colors, modern sans serif fonts (Montserrat or Roboto), simple flat icons next to key points, 16:9 aspect ratio (1920x1080), minimal and uncluttered layout with plenty of white space. Professional business training aesthetic suitable for financial compliance presentation. Consistent with previous slides in the series."
41,Module 3,Common Validation Errors and Rejections,"Invalid or missing TIN: Buyer's TIN not found in NRS database; Incorrect VAT calculation: VAT amount doesn't match rate × taxable amount; Missing mandatory fields: Description, invoice date, payment terms missing; Duplicate invoice number: Invoice number already submitted; Format errors: XML/JSON syntax errors; Connectivity issues: APP or NRS temporarily unreachable","Design a professional corporate presentation slide for a training course. Title: 'Common Validation Errors and Rejections'. Main bullet points: Invalid or missing TIN: Buyer's TIN not found in NRS database; Incorrect VAT calculation: VAT amount doesn't match rate × taxable amount; Missing mandatory fields: Description, invoice date, payment terms missing; Duplicate invoice number: Invoice number already submitted; Format errors: XML/JSON syntax errors; Connectivity issues: APP or NRS temporarily unreachable. Use a clean white background, Nigerian green (#008751) and navy (#003366) as primary colors, modern sans serif fonts (Montserrat or Roboto), simple flat icons next to key points, 16:9 aspect ratio (1920x1080), minimal and uncluttered layout with plenty of white space. Professional business training aesthetic suitable for financial compliance presentation. Consistent with previous slides in the series."
42,Module 3,Invoice Lifecycle: From Creation to Audit,"Creation: Invoice raised in accounting system; Submission: Sent to APP/NRS for validation; Validation: NRS checks and issues IRN or rejects; Issuance: Send validated invoice with IRN to customer; Payment: Customer pays, you reconcile; VAT Return: Include invoice in monthly/quarterly VAT return; Audit: NRS/auditor checks submitted invoices match VAT returns, IRNs serve as proof","Design a professional corporate presentation slide for a training course. Title: 'Invoice Lifecycle: From Creation to Audit'. Main bullet points: Creation: Invoice raised in accounting system; Submission: Sent to APP/NRS for validation; Validation: NRS checks and issues IRN or rejects; Issuance: Send validated invoice with IRN to customer; Payment: Customer pays, you reconcile; VAT Return: Include invoice in monthly/quarterly VAT return; Audit: NRS/auditor checks submitted invoices match VAT returns, IRNs serve as proof. Use a clean white background, Nigerian green (#008751) and navy (#003366) as primary colors, modern sans serif fonts (Montserrat or Roboto), simple flat icons next to key points, 16:9 aspect ratio (1920x1080), minimal and uncluttered layout with plenty of white space. Professional business training aesthetic suitable for financial compliance presentation. Consistent with previous slides in the series."
43,Module 3,What Happens If You Issue a Non-Compliant Invoice?,"Regulatory penalty: Fines from NRS for failing to fiscalise transactions; Commercial rejection: Customer refuses invoice, can't claim VAT credit without IRN; Payment delay: Finance teams delay processing until compliant invoice provided; Audit risk: Non-compliant invoices trigger additional penalties, interest, deeper scrutiny; Reputational damage: Customers lose confidence in professionalism and compliance capability","Design a professional corporate presentation slide for a training course. Title: 'What Happens If You Issue a Non-Compliant Invoice?'. Main bullet points: Regulatory penalty: Fines from NRS for failing to fiscalise transactions; Commercial rejection: Customer refuses invoice, can't claim VAT credit without IRN; Payment delay: Finance teams delay processing until compliant invoice provided; Audit risk: Non-compliant invoices trigger additional penalties, interest, deeper scrutiny; Reputational damage: Customers lose confidence in professionalism and compliance capability. Use a clean white background, Nigerian green (#008751) and navy (#003366) as primary colors, modern sans serif fonts (Montserrat or Roboto), simple flat icons next to key points, 16:9 aspect ratio (1920x1080), minimal and uncluttered layout with plenty of white space. Professional business training aesthetic suitable for financial compliance presentation. Consistent with previous slides in the series."
44,Module 3,B2B E-Invoicing Requirements,Pre-clearance required before issuing invoice; Invoice must contain IRN and QR code; Customer (business) uses IRN to claim VAT input credit,"Design a professional corporate presentation slide for a training course. Title: 'B2B E-Invoicing Requirements'. Main bullet points: Pre-clearance required before issuing invoice; Invoice must contain IRN and QR code; Customer (business) uses IRN to claim VAT input credit. Use a clean white background, Nigerian green (#008751) and navy (#003366) as primary colors, modern sans serif fonts (Montserrat or Roboto), simple flat icons next to key points, 16:9 aspect ratio (1920x1080), minimal and uncluttered layout with plenty of white space. Professional business training aesthetic suitable for financial compliance presentation. Consistent with previous slides in the series."
45,Module 3,B2G E-Invoicing Requirements,Pre-clearance required before issuing invoice; Invoice must contain IRN and QR code; Government customer claims VAT credit; IRN may be auto-verified by government systems,"Design a professional corporate presentation slide for a training course. Title: 'B2G E-Invoicing Requirements'. Main bullet points: Pre-clearance required before issuing invoice; Invoice must contain IRN and QR code; Government customer claims VAT credit; IRN may be auto-verified by government systems. Use a clean white background, Nigerian green (#008751) and navy (#003366) as primary colors, modern sans serif fonts (Montserrat or Roboto), simple flat icons next to key points, 16:9 aspect ratio (1920x1080), minimal and uncluttered layout with plenty of white space. Professional business training aesthetic suitable for financial compliance presentation. Consistent with previous slides in the series."
46,Module 3,B2C (>₦50k) E-Receipting Requirements,No pre-clearance required; Issue receipt immediately and report transaction within 24 hours; Receipt must contain CSID and QR code; Individual consumers take no action (don't claim VAT),"Design a professional corporate presentation slide for a training course. Title: 'B2C (>₦50k) E-Receipting Requirements'. Main bullet points: No pre-clearance required; Issue receipt immediately and report transaction within 24 hours; Receipt must contain CSID and QR code; Individual consumers take no action (don't claim VAT). Use a clean white background, Nigerian green (#008751) and navy (#003366) as primary colors, modern sans serif fonts (Montserrat or Roboto), simple flat icons next to key points, 16:9 aspect ratio (1920x1080), minimal and uncluttered layout with plenty of white space. Professional business training aesthetic suitable for financial compliance presentation. Consistent with previous slides in the series."
47,Module 3,Mini-Exercise: Map Your Invoice Process,"Take 5 minutes to sketch current invoicing process: How do you create invoices today? (ERP, software, Excel, POS); How many invoices per month? (B2B, B2G, B2C separately); Where will you integrate e-invoicing?; Who will monitor submissions and handle errors?","Design a professional corporate presentation slide for a training course. Title: 'Mini-Exercise: Map Your Invoice Process'. Main bullet points: Take 5 minutes to sketch current invoicing process: How do you create invoices today? (ERP, software, Excel, POS); How many invoices per month? (B2B, B2G, B2C separately); Where will you integrate e-invoicing?; Who will monitor submissions and handle errors?. Use a clean white background, Nigerian green (#008751) and navy (#003366) as primary colors, modern sans serif fonts (Montserrat or Roboto), simple flat icons next to key points, 16:9 aspect ratio (1920x1080), minimal and uncluttered layout with plenty of white space. Professional business training aesthetic suitable for financial compliance presentation. Consistent with previous slides in the series."
48,Module 3,Key Takeaways: Process Essentials,"E-invoicing is pre-clearance for B2B/B2G: must get NRS validation before issuing; Every compliant invoice has IRN (B2B/B2G) or CSID (B2C) plus cryptographic stamp and QR; APPs are your technology gateway, choosing right APP and integration method critical; Data quality matters: Invalid TINs, wrong VAT, missing fields cause rejections; Commercial pressure reinforces compliance: Customers reject non-compliant invoices","Design a professional corporate presentation slide for a training course. Title: 'Key Takeaways: Process Essentials'. Main bullet points: E-invoicing is pre-clearance for B2B/B2G: must get NRS validation before issuing; Every compliant invoice has IRN (B2B/B2G) or CSID (B2C) plus cryptographic stamp and QR; APPs are your technology gateway, choosing right APP and integration method critical; Data quality matters: Invalid TINs, wrong VAT, missing fields cause rejections; Commercial pressure reinforces compliance: Customers reject non-compliant invoices. Use a clean white background, Nigerian green (#008751) and navy (#003366) as primary colors, modern sans serif fonts (Montserrat or Roboto), simple flat icons next to key points, 16:9 aspect ratio (1920x1080), minimal and uncluttered layout with plenty of white space. Professional business training aesthetic suitable for financial compliance presentation. Consistent with previous slides in the series."
49,Module 4,"Module 4: Penalties, Disputes and Enforcement",Module introduction; What happens if you don't comply with e-invoicing,"Design a professional corporate presentation slide for a training course. Title: 'Module 4: Penalties, Disputes and Enforcement'. Main bullet points: Module introduction; What happens if you don't comply with e-invoicing. Use a clean white background, Nigerian green (#008751) and navy (#003366) as primary colors, modern sans serif fonts (Montserrat or Roboto), simple flat icons next to key points, 16:9 aspect ratio (1920x1080), minimal and uncluttered layout with plenty of white space. Professional business training aesthetic suitable for financial compliance presentation. Consistent with previous slides in the series."
50,Module 4,Learning Objectives – Module 4,"Understand main offences and non-compliance scenarios under e-invoicing; Identify financial and non-financial penalties that can apply; Learn how NRS detects non-compliance and enforces rules; Know practical steps to handle disputes, audits, penalty assessments; Develop strategies to avoid repeat offences","Design a professional corporate presentation slide for a training course. Title: 'Learning Objectives – Module 4'. Main bullet points: Understand main offences and non-compliance scenarios under e-invoicing; Identify financial and non-financial penalties that can apply; Learn how NRS detects non-compliance and enforces rules; Know practical steps to handle disputes, audits, penalty assessments; Develop strategies to avoid repeat offences. Use a clean white background, Nigerian green (#008751) and navy (#003366) as primary colors, modern sans serif fonts (Montserrat or Roboto), simple flat icons next to key points, 16:9 aspect ratio (1920x1080), minimal and uncluttered layout with plenty of white space. Professional business training aesthetic suitable for financial compliance presentation. Consistent with previous slides in the series."
51,Module 4,What Does Non-Compliance Look Like?,"Failing to issue e-invoices/receipts when required; Issuing invoices outside NRS/approved e-invoicing system; Under-declaring sales or splitting invoices to avoid thresholds; Systematic errors in VAT rates, customer details, transaction types; Ignoring NRS notifications, validation errors, rejection messages","Design a professional corporate presentation slide for a training course. Title: 'What Does Non-Compliance Look Like?'. Main bullet points: Failing to issue e-invoices/receipts when required; Issuing invoices outside NRS/approved e-invoicing system; Under-declaring sales or splitting invoices to avoid thresholds; Systematic errors in VAT rates, customer details, transaction types; Ignoring NRS notifications, validation errors, rejection messages. Use a clean white background, Nigerian green (#008751) and navy (#003366) as primary colors, modern sans serif fonts (Montserrat or Roboto), simple flat icons next to key points, 16:9 aspect ratio (1920x1080), minimal and uncluttered layout with plenty of white space. Professional business training aesthetic suitable for financial compliance presentation. Consistent with previous slides in the series."
52,Module 4,Operational Errors vs Intentional Evasion,"Operational lapses: wrong codes, late uploads, incomplete data, staff mistakes; Structural issues: poorly configured ERP, no internal controls, no e-invoicing champion; Intentional behaviour: hiding sales, double books, side receipts, disabling devices; Regulators treat intent more severely, but repeated errors can be interpreted as willful","Design a professional corporate presentation slide for a training course. Title: 'Operational Errors vs Intentional Evasion'. Main bullet points: Operational lapses: wrong codes, late uploads, incomplete data, staff mistakes; Structural issues: poorly configured ERP, no internal controls, no e-invoicing champion; Intentional behaviour: hiding sales, double books, side receipts, disabling devices; Regulators treat intent more severely, but repeated errors can be interpreted as willful. Use a clean white background, Nigerian green (#008751) and navy (#003366) as primary colors, modern sans serif fonts (Montserrat or Roboto), simple flat icons next to key points, 16:9 aspect ratio (1920x1080), minimal and uncluttered layout with plenty of white space. Professional business training aesthetic suitable for financial compliance presentation. Consistent with previous slides in the series."
53,Module 4,Penalty Landscape Under E-Invoicing,"Monetary fines for each offence or per day of default; Percentage-based penalties on under-declared tax; Interest on late payment of VAT and other taxes; Administrative sanctions: closure orders, blacklisting from government contracts; In serious cases, criminal prosecution for tax evasion and fraud","Design a professional corporate presentation slide for a training course. Title: 'Penalty Landscape Under E-Invoicing'. Main bullet points: Monetary fines for each offence or per day of default; Percentage-based penalties on under-declared tax; Interest on late payment of VAT and other taxes; Administrative sanctions: closure orders, blacklisting from government contracts; In serious cases, criminal prosecution for tax evasion and fraud. Use a clean white background, Nigerian green (#008751) and navy (#003366) as primary colors, modern sans serif fonts (Montserrat or Roboto), simple flat icons next to key points, 16:9 aspect ratio (1920x1080), minimal and uncluttered layout with plenty of white space. Professional business training aesthetic suitable for financial compliance presentation. Consistent with previous slides in the series."
54,Module 4,Monetary Penalties and Surcharges,"Fixed fines for failure to issue e-invoices/receipts as mandated; Fines can be applied per day, per invoice, or per audit finding; Additional surcharges where non-compliance continues after NRS notices; Accumulated penalties quickly exceed cost of doing things right","Design a professional corporate presentation slide for a training course. Title: 'Monetary Penalties and Surcharges'. Main bullet points: Fixed fines for failure to issue e-invoices/receipts as mandated; Fines can be applied per day, per invoice, or per audit finding; Additional surcharges where non-compliance continues after NRS notices; Accumulated penalties quickly exceed cost of doing things right. Use a clean white background, Nigerian green (#008751) and navy (#003366) as primary colors, modern sans serif fonts (Montserrat or Roboto), simple flat icons next to key points, 16:9 aspect ratio (1920x1080), minimal and uncluttered layout with plenty of white space. Professional business training aesthetic suitable for financial compliance presentation. Consistent with previous slides in the series."
55,Module 4,Penalties on Under-Declared VAT and Other Taxes,"If e-invoicing reveals undeclared income, NRS can reassess VAT, CIT, other taxes; Percentage-based penalties on additional tax assessed (e.g., 10–25% or more); Interest applied from original due date until payment; Repeated under-declaration can trigger special monitoring and more frequent audits","Design a professional corporate presentation slide for a training course. Title: 'Penalties on Under-Declared VAT and Other Taxes'. Main bullet points: If e-invoicing reveals undeclared income, NRS can reassess VAT, CIT, other taxes; Percentage-based penalties on additional tax assessed (e.g., 10–25% or more); Interest applied from original due date until payment; Repeated under-declaration can trigger special monitoring and more frequent audits. Use a clean white background, Nigerian green (#008751) and navy (#003366) as primary colors, modern sans serif fonts (Montserrat or Roboto), simple flat icons next to key points, 16:9 aspect ratio (1920x1080), minimal and uncluttered layout with plenty of white space. Professional business training aesthetic suitable for financial compliance presentation. Consistent with previous slides in the series."
56,Module 4,Beyond Fines: Non-Financial Consequences,"Negative risk rating in NRS systems, leading to more audits; Delays in tax clearance certificates or refunds; Suspension from government schemes, incentives, or supplier lists; Reputational damage with banks, investors, major customers; Senior management may be held personally accountable in severe cases","Design a professional corporate presentation slide for a training course. Title: 'Beyond Fines: Non-Financial Consequences'. Main bullet points: Negative risk rating in NRS systems, leading to more audits; Delays in tax clearance certificates or refunds; Suspension from government schemes, incentives, or supplier lists; Reputational damage with banks, investors, major customers; Senior management may be held personally accountable in severe cases. Use a clean white background, Nigerian green (#008751) and navy (#003366) as primary colors, modern sans serif fonts (Montserrat or Roboto), simple flat icons next to key points, 16:9 aspect ratio (1920x1080), minimal and uncluttered layout with plenty of white space. Professional business training aesthetic suitable for financial compliance presentation. Consistent with previous slides in the series."
57,Module 4,How NRS Finds Non-Compliant Behaviour,"Real-time validation of every e-invoice and receipt; Data analytics: comparing your sales with customers' claimed input VAT; Sector benchmarks: outliers in margins, VAT ratios, growth patterns; Cross-matching with POS, customs, banking, withholding tax data; Whistle-blower tips and third-party information","Design a professional corporate presentation slide for a training course. Title: 'How NRS Finds Non-Compliant Behaviour'. Main bullet points: Real-time validation of every e-invoice and receipt; Data analytics: comparing your sales with customers' claimed input VAT; Sector benchmarks: outliers in margins, VAT ratios, growth patterns; Cross-matching with POS, customs, banking, withholding tax data; Whistle-blower tips and third-party information. Use a clean white background, Nigerian green (#008751) and navy (#003366) as primary colors, modern sans serif fonts (Montserrat or Roboto), simple flat icons next to key points, 16:9 aspect ratio (1920x1080), minimal and uncluttered layout with plenty of white space. Professional business training aesthetic suitable for financial compliance presentation. Consistent with previous slides in the series."
58,Module 4,From Irregularity to Enforcement: Typical Path,"System flags inconsistencies or missing data; NRS sends inquiry or request for clarification/documentation; Desk review may escalate to full field audit; Assessment notice issued for additional tax, penalties, interest; If unpaid or disputed, NRS can initiate enforcement: garnishment, liens, closure orders","Design a professional corporate presentation slide for a training course. Title: 'From Irregularity to Enforcement: Typical Path'. Main bullet points: System flags inconsistencies or missing data; NRS sends inquiry or request for clarification/documentation; Desk review may escalate to full field audit; Assessment notice issued for additional tax, penalties, interest; If unpaid or disputed, NRS can initiate enforcement: garnishment, liens, closure orders. Use a clean white background, Nigerian green (#008751) and navy (#003366) as primary colors, modern sans serif fonts (Montserrat or Roboto), simple flat icons next to key points, 16:9 aspect ratio (1920x1080), minimal and uncluttered layout with plenty of white space. Professional business training aesthetic suitable for financial compliance presentation. Consistent with previous slides in the series."
59,Module 4,Scenario: Failing to Use E-Invoicing,Medium-size distributor continues issuing manual invoices after mandatory date; NRS audit discovers gap between bank deposits and declared e-invoicing sales; Consequences: Back-assessment of VAT on undeclared invoices; Fixed fines per day/period of non-compliance; Possible closure order until e-invoicing implemented,"Design a professional corporate presentation slide for a training course. Title: 'Scenario: Failing to Use E-Invoicing'. Main bullet points: Medium-size distributor continues issuing manual invoices after mandatory date; NRS audit discovers gap between bank deposits and declared e-invoicing sales; Consequences: Back-assessment of VAT on undeclared invoices; Fixed fines per day/period of non-compliance; Possible closure order until e-invoicing implemented. Use a clean white background, Nigerian green (#008751) and navy (#003366) as primary colors, modern sans serif fonts (Montserrat or Roboto), simple flat icons next to key points, 16:9 aspect ratio (1920x1080), minimal and uncluttered layout with plenty of white space. Professional business training aesthetic suitable for financial compliance presentation. Consistent with previous slides in the series."
60,Module 4,Scenario: System Configuration Errors,"ERP incorrectly sets some exempt items as standard-rated at 7.5%; Customers complain, NRS sees unusual VAT pattern; Business must: Correct affected invoices (credit/debit notes); Refund VAT where necessary; Face potential penalties if NRS believes there was negligence","Design a professional corporate presentation slide for a training course. Title: 'Scenario: System Configuration Errors'. Main bullet points: ERP incorrectly sets some exempt items as standard-rated at 7.5%; Customers complain, NRS sees unusual VAT pattern; Business must: Correct affected invoices (credit/debit notes); Refund VAT where necessary; Face potential penalties if NRS believes there was negligence. Use a clean white background, Nigerian green (#008751) and navy (#003366) as primary colors, modern sans serif fonts (Montserrat or Roboto), simple flat icons next to key points, 16:9 aspect ratio (1920x1080), minimal and uncluttered layout with plenty of white space. Professional business training aesthetic suitable for financial compliance presentation. Consistent with previous slides in the series."
61,Module 4,Your Rights When Facing Assessments,"Right to be informed of reasons for adjustments and penalties; Right to access data and calculations used by NRS; Right to respond, provide documents, clarify facts; Right to object and appeal within specified timelines; Right to professional representation (accountant, tax adviser, legal counsel)","Design a professional corporate presentation slide for a training course. Title: 'Your Rights When Facing Assessments'. Main bullet points: Right to be informed of reasons for adjustments and penalties; Right to access data and calculations used by NRS; Right to respond, provide documents, clarify facts; Right to object and appeal within specified timelines; Right to professional representation (accountant, tax adviser, legal counsel). Use a clean white background, Nigerian green (#008751) and navy (#003366) as primary colors, modern sans serif fonts (Montserrat or Roboto), simple flat icons next to key points, 16:9 aspect ratio (1920x1080), minimal and uncluttered layout with plenty of white space. Professional business training aesthetic suitable for financial compliance presentation. Consistent with previous slides in the series."
62,Module 4,How to Respond to a Penalty Assessment,"Don't ignore letter/email – note response deadline; Set up internal review team (finance, tax, IT, legal); Reconcile NRS data with your e-invoicing and accounting records; Prepare clear written response with evidence and timelines; Where you agree with part of assessment, pay promptly to reduce interest","Design a professional corporate presentation slide for a training course. Title: 'How to Respond to a Penalty Assessment'. Main bullet points: Don't ignore letter/email – note response deadline; Set up internal review team (finance, tax, IT, legal); Reconcile NRS data with your e-invoicing and accounting records; Prepare clear written response with evidence and timelines; Where you agree with part of assessment, pay promptly to reduce interest. Use a clean white background, Nigerian green (#008751) and navy (#003366) as primary colors, modern sans serif fonts (Montserrat or Roboto), simple flat icons next to key points, 16:9 aspect ratio (1920x1080), minimal and uncluttered layout with plenty of white space. Professional business training aesthetic suitable for financial compliance presentation. Consistent with previous slides in the series."
63,Module 4,Disputes and Appeals: Practical Steps,"Follow formal objection process: format, content, timelines matter; Focus on facts, documentation, legal provisions – avoid emotional arguments; Maintain open communication with NRS officers, clarify misunderstandings early; Consider alternative dispute resolution avenues where available; Keep full file of correspondence and working papers","Design a professional corporate presentation slide for a training course. Title: 'Disputes and Appeals: Practical Steps'. Main bullet points: Follow formal objection process: format, content, timelines matter; Focus on facts, documentation, legal provisions – avoid emotional arguments; Maintain open communication with NRS officers, clarify misunderstandings early; Consider alternative dispute resolution avenues where available; Keep full file of correspondence and working papers. Use a clean white background, Nigerian green (#008751) and navy (#003366) as primary colors, modern sans serif fonts (Montserrat or Roboto), simple flat icons next to key points, 16:9 aspect ratio (1920x1080), minimal and uncluttered layout with plenty of white space. Professional business training aesthetic suitable for financial compliance presentation. Consistent with previous slides in the series."
64,Module 4,Preventive Strategy: Reducing Enforcement Risk,Building a low-risk compliance profile; Implement clear e-invoicing SOPs and internal controls; Designate e-invoicing champion responsible for monitoring errors and rejections; Use periodic internal mini-audits to test data against NRS exports; Correct issues proactively and document remedial actions; Engage early with NRS when planning major changes,"Design a professional corporate presentation slide for a training course. Title: 'Preventive Strategy: Reducing Enforcement Risk'. Main bullet points: Building a low-risk compliance profile; Implement clear e-invoicing SOPs and internal controls; Designate e-invoicing champion responsible for monitoring errors and rejections; Use periodic internal mini-audits to test data against NRS exports; Correct issues proactively and document remedial actions; Engage early with NRS when planning major changes. Use a clean white background, Nigerian green (#008751) and navy (#003366) as primary colors, modern sans serif fonts (Montserrat or Roboto), simple flat icons next to key points, 16:9 aspect ratio (1920x1080), minimal and uncluttered layout with plenty of white space. Professional business training aesthetic suitable for financial compliance presentation. Consistent with previous slides in the series."
65,Module 4,CFO Checklist: Avoiding Penalties,"Do we issue e-invoices for all in-scope transactions and locations?; Are VAT rules and product mappings tested and documented?; Do we run monthly reconciliations between e-invoicing data and GL?; Are error rates, rejection logs, corrections tracked and reviewed?; Do we have documented plan for handling NRS audits and queries?","Design a professional corporate presentation slide for a training course. Title: 'CFO Checklist: Avoiding Penalties'. Main bullet points: Do we issue e-invoices for all in-scope transactions and locations?; Are VAT rules and product mappings tested and documented?; Do we run monthly reconciliations between e-invoicing data and GL?; Are error rates, rejection logs, corrections tracked and reviewed?; Do we have documented plan for handling NRS audits and queries?. Use a clean white background, Nigerian green (#008751) and navy (#003366) as primary colors, modern sans serif fonts (Montserrat or Roboto), simple flat icons next to key points, 16:9 aspect ratio (1920x1080), minimal and uncluttered layout with plenty of white space. Professional business training aesthetic suitable for financial compliance presentation. Consistent with previous slides in the series."
66,Module 4,Module 4 – Key Takeaways,"Non-compliance is more visible and more costly under e-invoicing; Penalties are not only about money – they affect reputation and operations; Most serious issues start as small, repeated process failures; Strong controls, documentation, early engagement with NRS are best defence; Turning compliance into disciplined process reduces risk and builds trust","Design a professional corporate presentation slide for a training course. Title: 'Module 4 – Key Takeaways'. Main bullet points: Non-compliance is more visible and more costly under e-invoicing; Penalties are not only about money – they affect reputation and operations; Most serious issues start as small, repeated process failures; Strong controls, documentation, early engagement with NRS are best defence; Turning compliance into disciplined process reduces risk and builds trust. Use a clean white background, Nigerian green (#008751) and navy (#003366) as primary colors, modern sans serif fonts (Montserrat or Roboto), simple flat icons next to key points, 16:9 aspect ratio (1920x1080), minimal and uncluttered layout with plenty of white space. Professional business training aesthetic suitable for financial compliance presentation. Consistent with previous slides in the series."
67,Module 4,From Penalties to Prevention and Best Practice,"You now understand: Who must comply; How e-invoicing works in practice; What happens when things go wrong; Next module will focus on optimising processes, troubleshooting errors, building best-practice operations","Design a professional corporate presentation slide for a training course. Title: 'From Penalties to Prevention and Best Practice'. Main bullet points: You now understand: Who must comply; How e-invoicing works in practice; What happens when things go wrong; Next module will focus on optimising processes, troubleshooting errors, building best-practice operations. Use a clean white background, Nigerian green (#008751) and navy (#003366) as primary colors, modern sans serif fonts (Montserrat or Roboto), simple flat icons next to key points, 16:9 aspect ratio (1920x1080), minimal and uncluttered layout with plenty of white space. Professional business training aesthetic suitable for financial compliance presentation. Consistent with previous slides in the series."
68,Module 5,"Module 5: E-Invoicing Operations, Troubleshooting and Best Practice","Module introduction; How to run stable, low-error e-invoicing environment","Design a professional corporate presentation slide for a training course. Title: 'Module 5: E-Invoicing Operations, Troubleshooting and Best Practice'. Main bullet points: Module introduction; How to run stable, low-error e-invoicing environment. Use a clean white background, Nigerian green (#008751) and navy (#003366) as primary colors, modern sans serif fonts (Montserrat or Roboto), simple flat icons next to key points, 16:9 aspect ratio (1920x1080), minimal and uncluttered layout with plenty of white space. Professional business training aesthetic suitable for financial compliance presentation. Consistent with previous slides in the series."
69,Module 5,Learning Objectives – Module 5,"Understand day-to-day operational workflow for e-invoicing; Learn how to detect, diagnose, fix common errors and rejections; Define clear roles, responsibilities, controls in your organisation; Apply practical best practices to keep error rates low and uptime high; Prepare team for continuous improvement after go-live","Design a professional corporate presentation slide for a training course. Title: 'Learning Objectives – Module 5'. Main bullet points: Understand day-to-day operational workflow for e-invoicing; Learn how to detect, diagnose, fix common errors and rejections; Define clear roles, responsibilities, controls in your organisation; Apply practical best practices to keep error rates low and uptime high; Prepare team for continuous improvement after go-live. Use a clean white background, Nigerian green (#008751) and navy (#003366) as primary colors, modern sans serif fonts (Montserrat or Roboto), simple flat icons next to key points, 16:9 aspect ratio (1920x1080), minimal and uncluttered layout with plenty of white space. Professional business training aesthetic suitable for financial compliance presentation. Consistent with previous slides in the series."
70,Module 5,What Good E-Invoicing Operations Look Like,"All in-scope transactions flow automatically from ERP/POS into e-invoicing; Invoices validated and cleared with minimal rejections; Exceptions flagged and resolved same day; Daily reports show status by branch, product line, customer segment; Finance, IT, operations share single agreed view of numbers","Design a professional corporate presentation slide for a training course. Title: 'What Good E-Invoicing Operations Look Like'. Main bullet points: All in-scope transactions flow automatically from ERP/POS into e-invoicing; Invoices validated and cleared with minimal rejections; Exceptions flagged and resolved same day; Daily reports show status by branch, product line, customer segment; Finance, IT, operations share single agreed view of numbers. Use a clean white background, Nigerian green (#008751) and navy (#003366) as primary colors, modern sans serif fonts (Montserrat or Roboto), simple flat icons next to key points, 16:9 aspect ratio (1920x1080), minimal and uncluttered layout with plenty of white space. Professional business training aesthetic suitable for financial compliance presentation. Consistent with previous slides in the series."
71,Module 5,Day-to-Day E-Invoicing Workflow,"Transaction created in source system (ERP, POS, billing); Data mapped and sent to APP/NRS in required format; Validation and clearance (IRN/QR issued where applicable); Invoice delivered to customer (email, portal, print); Reconciliation of cleared invoices with accounting records and bank receipts","Design a professional corporate presentation slide for a training course. Title: 'Day-to-Day E-Invoicing Workflow'. Main bullet points: Transaction created in source system (ERP, POS, billing); Data mapped and sent to APP/NRS in required format; Validation and clearance (IRN/QR issued where applicable); Invoice delivered to customer (email, portal, print); Reconciliation of cleared invoices with accounting records and bank receipts. Use a clean white background, Nigerian green (#008751) and navy (#003366) as primary colors, modern sans serif fonts (Montserrat or Roboto), simple flat icons next to key points, 16:9 aspect ratio (1920x1080), minimal and uncluttered layout with plenty of white space. Professional business training aesthetic suitable for financial compliance presentation. Consistent with previous slides in the series."
72,Module 5,Who Does What in Operations?,"Finance: owns correctness of tax, amounts, accounting impact; Operations/sales: responsible for accurate transaction capture and timing; IT: owns system integration, connectivity, technical error resolution; Internal audit/compliance: monitors controls, policies, exception patterns; E-Invoicing champion: coordinates across all teams and reports to management","Design a professional corporate presentation slide for a training course. Title: 'Who Does What in Operations?'. Main bullet points: Finance: owns correctness of tax, amounts, accounting impact; Operations/sales: responsible for accurate transaction capture and timing; IT: owns system integration, connectivity, technical error resolution; Internal audit/compliance: monitors controls, policies, exception patterns; E-Invoicing champion: coordinates across all teams and reports to management. Use a clean white background, Nigerian green (#008751) and navy (#003366) as primary colors, modern sans serif fonts (Montserrat or Roboto), simple flat icons next to key points, 16:9 aspect ratio (1920x1080), minimal and uncluttered layout with plenty of white space. Professional business training aesthetic suitable for financial compliance presentation. Consistent with previous slides in the series."
73,Module 5,Frequent Technical Issues,"Invalid or missing mandatory fields (TIN, address, VAT code); Incorrect data formats (dates, currency, numeric fields); Timeouts or connectivity failures between ERP and APP/NRS; Duplicated submissions of same invoice; Version mismatches after system upgrades or configuration changes","Design a professional corporate presentation slide for a training course. Title: 'Frequent Technical Issues'. Main bullet points: Invalid or missing mandatory fields (TIN, address, VAT code); Incorrect data formats (dates, currency, numeric fields); Timeouts or connectivity failures between ERP and APP/NRS; Duplicated submissions of same invoice; Version mismatches after system upgrades or configuration changes. Use a clean white background, Nigerian green (#008751) and navy (#003366) as primary colors, modern sans serif fonts (Montserrat or Roboto), simple flat icons next to key points, 16:9 aspect ratio (1920x1080), minimal and uncluttered layout with plenty of white space. Professional business training aesthetic suitable for financial compliance presentation. Consistent with previous slides in the series."
74,Module 5,Frequent Business/Data Issues,"Wrong customer details (name, TIN, address, tax status); Incorrect product/service mapping (VAT category, sector classification); Wrong quantities, discounts, unit prices; Using wrong document type (invoice vs credit note vs receipt); Out-of-date master data not aligned across systems","Design a professional corporate presentation slide for a training course. Title: 'Frequent Business/Data Issues'. Main bullet points: Wrong customer details (name, TIN, address, tax status); Incorrect product/service mapping (VAT category, sector classification); Wrong quantities, discounts, unit prices; Using wrong document type (invoice vs credit note vs receipt); Out-of-date master data not aligned across systems. Use a clean white background, Nigerian green (#008751) and navy (#003366) as primary colors, modern sans serif fonts (Montserrat or Roboto), simple flat icons next to key points, 16:9 aspect ratio (1920x1080), minimal and uncluttered layout with plenty of white space. Professional business training aesthetic suitable for financial compliance presentation. Consistent with previous slides in the series."
75,Module 5,Structured Error Handling Process,"Detect: monitor rejection and error reports from APP/NRS daily; Classify: technical vs business, one-off vs recurring; Fix: correct data at source and resubmit or issue new document; Document: log cause, fix, preventive action in error register; Review: periodic analysis of error trends and root causes","Design a professional corporate presentation slide for a training course. Title: 'Structured Error Handling Process'. Main bullet points: Detect: monitor rejection and error reports from APP/NRS daily; Classify: technical vs business, one-off vs recurring; Fix: correct data at source and resubmit or issue new document; Document: log cause, fix, preventive action in error register; Review: periodic analysis of error trends and root causes. Use a clean white background, Nigerian green (#008751) and navy (#003366) as primary colors, modern sans serif fonts (Montserrat or Roboto), simple flat icons next to key points, 16:9 aspect ratio (1920x1080), minimal and uncluttered layout with plenty of white space. Professional business training aesthetic suitable for financial compliance presentation. Consistent with previous slides in the series."
76,Module 5,"Visibility: Logs, Dashboards and Alerts","Daily dashboard: number of invoices submitted, cleared, pending, rejected; Exception reports by reason code, branch, user, system; Alerts for high-value invoices, repeated rejections, system downtime; Scheduled exports for finance to reconcile with ledgers and bank; Management KPIs: error rate, processing time, ageing of unresolved issues","Design a professional corporate presentation slide for a training course. Title: 'Visibility: Logs, Dashboards and Alerts'. Main bullet points: Daily dashboard: number of invoices submitted, cleared, pending, rejected; Exception reports by reason code, branch, user, system; Alerts for high-value invoices, repeated rejections, system downtime; Scheduled exports for finance to reconcile with ledgers and bank; Management KPIs: error rate, processing time, ageing of unresolved issues. Use a clean white background, Nigerian green (#008751) and navy (#003366) as primary colors, modern sans serif fonts (Montserrat or Roboto), simple flat icons next to key points, 16:9 aspect ratio (1920x1080), minimal and uncluttered layout with plenty of white space. Professional business training aesthetic suitable for financial compliance presentation. Consistent with previous slides in the series."
77,Module 5,Keeping Data in Sync: Reconciliation,"Daily: cleared e-invoices vs invoices recorded in ERP/POS; Weekly: e-invoicing totals vs sub-ledgers (receivables, revenue, VAT); Monthly: e-invoicing data vs VAT return and financial statements; Investigate: missing documents, unmatched credit notes, timing differences; Document reconciliations and sign-off for audit trail","Design a professional corporate presentation slide for a training course. Title: 'Keeping Data in Sync: Reconciliation'. Main bullet points: Daily: cleared e-invoices vs invoices recorded in ERP/POS; Weekly: e-invoicing totals vs sub-ledgers (receivables, revenue, VAT); Monthly: e-invoicing data vs VAT return and financial statements; Investigate: missing documents, unmatched credit notes, timing differences; Document reconciliations and sign-off for audit trail. Use a clean white background, Nigerian green (#008751) and navy (#003366) as primary colors, modern sans serif fonts (Montserrat or Roboto), simple flat icons next to key points, 16:9 aspect ratio (1920x1080), minimal and uncluttered layout with plenty of white space. Professional business training aesthetic suitable for financial compliance presentation. Consistent with previous slides in the series."
78,Module 5,People and Change: Keeping Everyone Aligned,"Short, targeted training for front-line staff on data entry and red flags; Clear how-to guides and SOPs accessible to all users; Regular refreshers when rules, systems, or product lines change; Feedback loop: users can report issues and improvement ideas easily; Recognition for teams that maintain low error rates and strong compliance","Design a professional corporate presentation slide for a training course. Title: 'People and Change: Keeping Everyone Aligned'. Main bullet points: Short, targeted training for front-line staff on data entry and red flags; Clear how-to guides and SOPs accessible to all users; Regular refreshers when rules, systems, or product lines change; Feedback loop: users can report issues and improvement ideas easily; Recognition for teams that maintain low error rates and strong compliance. Use a clean white background, Nigerian green (#008751) and navy (#003366) as primary colors, modern sans serif fonts (Montserrat or Roboto), simple flat icons next to key points, 16:9 aspect ratio (1920x1080), minimal and uncluttered layout with plenty of white space. Professional business training aesthetic suitable for financial compliance presentation. Consistent with previous slides in the series."
79,Module 5,Collaborating with APPs and Technology Vendors,"Define SLAs for uptime, response time, issue resolution; Use sandbox environments to test changes before going live; Hold periodic review meetings to discuss incidents and performance; Request standard and custom reports to support your KPIs; Escalate complex technical problems early with full logs and examples","Design a professional corporate presentation slide for a training course. Title: 'Collaborating with APPs and Technology Vendors'. Main bullet points: Define SLAs for uptime, response time, issue resolution; Use sandbox environments to test changes before going live; Hold periodic review meetings to discuss incidents and performance; Request standard and custom reports to support your KPIs; Escalate complex technical problems early with full logs and examples. Use a clean white background, Nigerian green (#008751) and navy (#003366) as primary colors, modern sans serif fonts (Montserrat or Roboto), simple flat icons next to key points, 16:9 aspect ratio (1920x1080), minimal and uncluttered layout with plenty of white space. Professional business training aesthetic suitable for financial compliance presentation. Consistent with previous slides in the series."
80,Module 5,Simple but Strong SOPs,"Step-by-step instructions for invoice creation, approval, submission; Standard rules for VAT coding, customer onboarding, product setup; Clear thresholds for when to escalate issues and to whom; Checklists for month-end, year-end, audit preparation; Version control: update SOPs whenever systems or regulations change","Design a professional corporate presentation slide for a training course. Title: 'Simple but Strong SOPs'. Main bullet points: Step-by-step instructions for invoice creation, approval, submission; Standard rules for VAT coding, customer onboarding, product setup; Clear thresholds for when to escalate issues and to whom; Checklists for month-end, year-end, audit preparation; Version control: update SOPs whenever systems or regulations change. Use a clean white background, Nigerian green (#008751) and navy (#003366) as primary colors, modern sans serif fonts (Montserrat or Roboto), simple flat icons next to key points, 16:9 aspect ratio (1920x1080), minimal and uncluttered layout with plenty of white space. Professional business training aesthetic suitable for financial compliance presentation. Consistent with previous slides in the series."
81,Module 5,Controls That Protect You,"Maker-checker controls for high-value or complex invoices; Segregation of duties between setup, invoice creation, approval; Access controls and user profile management in ERP/APP; Periodic review of user activity logs for unusual patterns; Backup and disaster-recovery plans for critical systems","Design a professional corporate presentation slide for a training course. Title: 'Controls That Protect You'. Main bullet points: Maker-checker controls for high-value or complex invoices; Segregation of duties between setup, invoice creation, approval; Access controls and user profile management in ERP/APP; Periodic review of user activity logs for unusual patterns; Backup and disaster-recovery plans for critical systems. Use a clean white background, Nigerian green (#008751) and navy (#003366) as primary colors, modern sans serif fonts (Montserrat or Roboto), simple flat icons next to key points, 16:9 aspect ratio (1920x1080), minimal and uncluttered layout with plenty of white space. Professional business training aesthetic suitable for financial compliance presentation. Consistent with previous slides in the series."
82,Module 5,From Go-Live to Continuous Improvement,"Treat first 3–6 months as stabilisation phase with close monitoring; Run regular retrospectives: what went wrong, well, what to change; Prioritise fixes that remove whole classes of recurring errors; Use KPIs to set improvement targets (e.g., reduce rejection rate by 50%); Capture lessons learned and apply to new branches or business units","Design a professional corporate presentation slide for a training course. Title: 'From Go-Live to Continuous Improvement'. Main bullet points: Treat first 3–6 months as stabilisation phase with close monitoring; Run regular retrospectives: what went wrong, well, what to change; Prioritise fixes that remove whole classes of recurring errors; Use KPIs to set improvement targets (e.g., reduce rejection rate by 50%); Capture lessons learned and apply to new branches or business units. Use a clean white background, Nigerian green (#008751) and navy (#003366) as primary colors, modern sans serif fonts (Montserrat or Roboto), simple flat icons next to key points, 16:9 aspect ratio (1920x1080), minimal and uncluttered layout with plenty of white space. Professional business training aesthetic suitable for financial compliance presentation. Consistent with previous slides in the series."
83,Module 5,Case Study: Reducing Rejections in 90 Days,"Starting point: 8–10% invoice rejection rate in medium-size distributor; Key issues: wrong VAT mapping, poor customer master data, no daily monitoring; Actions: Cleaned up master data and VAT/product mappings; Introduced daily error review huddles and simple dashboard; Trained sales and finance staff; Result: rejection rate reduced to below 2%, faster collections, fewer NRS queries","Design a professional corporate presentation slide for a training course. Title: 'Case Study: Reducing Rejections in 90 Days'. Main bullet points: Starting point: 8–10% invoice rejection rate in medium-size distributor; Key issues: wrong VAT mapping, poor customer master data, no daily monitoring; Actions: Cleaned up master data and VAT/product mappings; Introduced daily error review huddles and simple dashboard; Trained sales and finance staff; Result: rejection rate reduced to below 2%, faster collections, fewer NRS queries. Use a clean white background, Nigerian green (#008751) and navy (#003366) as primary colors, modern sans serif fonts (Montserrat or Roboto), simple flat icons next to key points, 16:9 aspect ratio (1920x1080), minimal and uncluttered layout with plenty of white space. Professional business training aesthetic suitable for financial compliance presentation. Consistent with previous slides in the series."
84,Module 5,Module 5 – Key Messages,"E-invoicing success depends on disciplined daily operations, not only technology; Clear roles, SOPs, dashboards turn complex system into routine work; Early detection and structured handling of errors prevent penalties and disputes; Continuous improvement keeps systems aligned with business growth and regulation; Strong operations setup frees leadership to focus on strategy, not firefighting","Design a professional corporate presentation slide for a training course. Title: 'Module 5 – Key Messages'. Main bullet points: E-invoicing success depends on disciplined daily operations, not only technology; Clear roles, SOPs, dashboards turn complex system into routine work; Early detection and structured handling of errors prevent penalties and disputes; Continuous improvement keeps systems aligned with business growth and regulation; Strong operations setup frees leadership to focus on strategy, not firefighting. Use a clean white background, Nigerian green (#008751) and navy (#003366) as primary colors, modern sans serif fonts (Montserrat or Roboto), simple flat icons next to key points, 16:9 aspect ratio (1920x1080), minimal and uncluttered layout with plenty of white space. Professional business training aesthetic suitable for financial compliance presentation. Consistent with previous slides in the series."
85,Module 5,Bringing the Course Together,"You have learned: Why e-invoicing is required and who must comply; How end-to-end process works in practice; What happens when you don't comply (penalties and enforcement); How to run stable, low-error e-invoicing operations; You should now be able to explain e-invoicing to your teams and lead implementation","Design a professional corporate presentation slide for a training course. Title: 'Bringing the Course Together'. Main bullet points: You have learned: Why e-invoicing is required and who must comply; How end-to-end process works in practice; What happens when you don't comply (penalties and enforcement); How to run stable, low-error e-invoicing operations; You should now be able to explain e-invoicing to your teams and lead implementation. Use a clean white background, Nigerian green (#008751) and navy (#003366) as primary colors, modern sans serif fonts (Montserrat or Roboto), simple flat icons next to key points, 16:9 aspect ratio (1920x1080), minimal and uncluttered layout with plenty of white space. Professional business training aesthetic suitable for financial compliance presentation. Consistent with previous slides in the series."
86,Closing,CLOSING REMARKS,"You don't need to remember every slide; Handout summarises five modules and next steps, forwarded to your registered email; Use it to brief your management team and plan first 90-day e-invoicing improvement actions; Also has our contact details and recommended next course if you want deeper implementation support; Thank you for your attention - EIC LIMITED","Design a professional corporate presentation slide for a training course. Title: 'CLOSING REMARKS'. Main bullet points: You don't need to remember every slide; Handout summarises five modules and next steps, forwarded to your registered email; Use it to brief your management team and plan first 90-day e-invoicing improvement actions; Also has our contact details and recommended next course if you want deeper implementation support; Thank you for your attention - EIC LIMITED. Use a clean white background, Nigerian green (#008751) and navy (#003366) as primary colors, modern sans serif fonts (Montserrat or Roboto), simple flat icons next to key points, 16:9 aspect ratio (1920x1080), minimal and uncluttered layout with plenty of white space. Professional business training aesthetic suitable for financial compliance presentation. Consistent with previous slides in the series."
